95% Con Month,Agy,City,Construction Type,County,Description,Bucket Category,Simple Bucket,Capital Project Category,Phase,Project ID,TPC,TPC Cat Num,TPC Category,Construction_Start_Date,Construction_End_Date,Start(Month)Construction,End(Month)Construction,Duration(Months)Construction,Design_Start_Date,Design_End_Date,Start(Month)Design,End(Month)Design,Duration(Months)Design,Other_Start_Date,Other_End_Date,Start(Month)Other,End(Month)Other,Duration(Months)Other,LandAcq_Start_Date,LandAcq_End_Date,Start(Month)LandAcq,End(Month)LandAcq,Duration(Months)LandAcq,FE_Start_Date,FE_End_Date,Start(Month)FE,End(Month)FE,Duration(Months)FE,Construction Costs at 95% Construction,Construction Costs at Final,Design Costs at 95% Construction,Design Costs at Final,Other Costs at 95% Construction,Other Costs at Final,Land Acquisition Costs at 95% Construction,Land Acquisition Costs at Final,F&E Costs at 95% Construction,F&E Costs at Final,,
64,BCC,Pittsfield,Repair,Berkshire,Exterior Masonry Repairs,Masonry,Masonry,Exterior Envelope,HC1,BCC0701,"$4,663,625.31",1,$0 to $10 Million,4/26/2011,8/14/2014,42,82,41,11/7/2007,7/10/2014,1,81,81,12/4/2009,1/31/2012,26,51,26,,,,,,,,,,,"$3,817,420.30","$3,962,206.00","$561,452.90","$625,764.90","$75,654.41","$75,654.41",,,,,,
50,BCC,Pittsfield,Renovation,Berkshire,BCC - Hawthorne / Melville - Renovation,HE - Reno,Renovation,HE - General Academic,DC1,BCC1301,"$30,404,468.47",3,$25 to $50 Million,3/27/2015,4/24/2019,19,68,50,9/16/2013,4/24/2019,1,68,68,9/12/2014,6/17/2020,13,82,70,,,,,,4/8/2016,6/29/2017,32,46,15,"$24,546,961.40","$25,733,622.32","$2,375,349.04","$2,584,062.16","$969,826.41","$1,088,224.41",,,"$998,559.58","$998,559.58",,
49,BHC,Charlestown,Energy,Suffolk,BHC - Energy/Water - Performance Contract,Energy/Water,Energy/Water,Energy/Water,EC1,BHC1001,"$5,111,632.74",1,$0 to $10 Million,3/27/2012,10/30/2014,18,49,32,10/20/2010,1/26/2015,1,52,52,4/12/2011,3/29/2017,7,78,72,,,,,,,,,,,"$4,687,924.34","$4,687,924.34","$158,608.75","$158,723.75","$80,545.70","$264,984.65",,,,,,
76,BRC,Fall River,New,Bristol,BRC Fall River - Technology and Learning Center - New Facility,Science/Classroom,Science/Classroom,HE - Lab/Science/Tech,DC1,BRC1001,"$38,009,264.49",3,$25 to $50 Million,8/22/2014,3/19/2019,48,103,56,9/17/2010,3/27/2019,1,103,103,7/26/2011,1/4/2019,11,101,91,,,,,,6/17/2016,12/1/2016,70,76,7,"$31,672,047.46","$32,494,782.82","$3,554,117.11","$3,990,162.04","$929,969.36","$933,742.69",,,"$590,576.94","$590,576.94",,
20,BRC,Fall River,Renovation,Bristol,BRC - Campus-wide - Mechanical & Electrical Infrastructure Upgrades Design/Build,Mech/Electrical Infrastructure,Mech/Electrical Infrastructure,Infrastructure,PDC,BRC1901,"$29,575,897.56",3,$25 to $50 Million,12/11/2019,3/10/2021,8,23,16,5/6/2019,3/3/2022,1,35,35,12/16/2019,5/13/2022,8,37,30,,,,,,,,,,,"$26,843,401.47","$28,144,805.67","$1,229,056.41","$1,272,179.92","$112,353.79","$158,911.97",,,,,,
53,BSB,Boston,Renovation,Suffolk,State House: Selected Improvement Projects,Historic Repair,Historic Repair,Historic Renovation,DC1,BSB0902,"$7,166,648.74",1,$0 to $10 Million,4/19/2012,10/23/2014,31,61,31,10/27/2009,4/1/2015,1,67,67,8/26/2011,11/7/2014,23,62,40,,,,,,,,,,,"$6,045,083.12","$6,176,146.43","$701,442.04","$795,306.90","$159,787.89","$195,195.41",,,,,,
90,BSB,Boston,Renovation,Suffolk,BSB - Hurley  Building - Fire Protection / Energy Improvements,Lifesafety,Lifesafety,Lifesafety,DC1,BSB1204,"$3,131,353.28",1,$0 to $10 Million,6/27/2018,1/6/2020,71,90,20,8/1/2012,6/15/2021,1,107,107,1/5/2017,7/13/2019,54,84,31,,,,,,,,,,,"$2,386,606.00","$2,386,606.00","$674,913.00","$686,168.00","$58,579.28","$58,579.28",,,,,,
71,BSB,Boston,Renovation,Suffolk,BSB - State Hosue - Gardner Auditorium - Renovation,Historic Interior Renovation,Historic Interior Renovation,Historic Renovation,DC1,BSB1206,"$2,330,555.28",1,$0 to $10 Million,12/12/2016,12/5/2018,47,71,25,2/22/2013,3/7/2018,1,62,62,5/16/2016,6/30/2016,40,41,2,,,,,,2/1/2017,2/21/2017,49,49,1,"$1,562,193.10","$1,562,193.10","$748,866.40","$748,866.40","$3,548.24","$3,548.24",,,"$15,947.54","$15,947.54",,
24,BSB,Boston,Renovation,Suffolk,BSH - State House - Exec Office / West Wing - Improvements,Historic Interior Renovation,Historic Interior Renovation,Historic Renovation,HC1,BSB1302,"$11,149,849.12",2,$10 to $25 Million,5/9/2014,2/23/2016,10,31,22,8/26/2013,2/3/2017,1,43,43,1/10/2014,1/30/2017,6,42,37,,,,,,9/8/2014,6/28/2016,14,35,22,"$8,924,321.12","$9,234,684.16","$1,195,884.67","$1,281,777.67","$390,390.93","$429,440.54",,,"$201,163.34","$203,946.75",,
65,BSB,Boston,Energy,Suffolk,BSB - State House - Energy and Water Upgrades - Construction - CEIP,Historic Energy/Water,Historic Energy/Water,Energy/Water,EC1,BSB1402A,"$30,226,624.62",3,$25 to $50 Million,2/12/2016,2/8/2021,17,77,61,10/3/2014,12/29/2020,1,75,75,1/15/2015,2/16/2021,4,77,74,,,,,,12/1/2016,12/1/2016,27,27,1,"$27,220,496.06","$28,624,390.46","$663,443.16","$679,859.54","$454,564.35","$918,995.34",,,"$3,379.28","$3,379.28",,
102,BSB,Boston,Repair,Suffolk,BSB - State House - Coal Pocket Telecom Room - Repair,Tech Infrastructure,Tech Infrastructure,Historic Renovation,HC1,BSB1403,"$7,510,133.33",1,$0 to $10 Million,1/30/2020,1/3/2023,71,107,37,3/27/2014,12/22/2022,1,106,106,12/13/2016,5/31/2022,34,99,66,,,,,,,,,,,"$6,152,555.76","$6,401,232.02","$719,507.36","$730,679.76","$378,221.55","$378,221.55",,,,,,
56,BSB,Boston,Repair,Suffolk,DCP - State House - Elevator Upgrades and Replacements,Historic Elevator,Historic Elevator,Historic Renovation,HC1,BSB1405,"$12,242,113.41",2,$10 to $25 Million,5/26/2016,3/11/2020,22,68,47,8/25/2014,9/12/2019,1,62,62,11/3/2015,7/13/2019,16,60,45,,,,,,9/15/2017,9/15/2017,38,38,1,"$10,680,686.57","$10,904,378.40","$1,162,225.98","$1,165,725.98","$170,943.66","$171,145.03",,,$864.00,$864.00,,
13,BSB,Boston,Repair,Suffolk,BSB - State House - Library Improvements,Historic Interior Renovation,Historic Interior Renovation,Historic Renovation,HC1,BSB1501,"$2,439,850.85",1,$0 to $10 Million,12/24/2014,12/3/2015,3,15,13,10/27/2014,12/23/2015,1,15,15,10/29/2014,4/19/2016,1,19,19,,,,,,10/27/2014,10/20/2016,1,25,25,"$1,687,995.79","$1,720,445.43","$215,875.49","$271,477.15","$147,659.28","$157,690.61",,,"$283,431.92","$290,237.66",,
49,BSB,Boston,Renovation,Suffolk,BSB - State House - Senate Chamber - Renovations,Historic Interior Renovation,Historic Interior Renovation,Historic Renovation,HC1,BSB1503,"$19,474,241.99",2,$10 to $25 Million,10/12/2017,8/14/2020,30,64,35,5/20/2015,9/28/2020,1,65,65,7/18/2016,10/7/2020,15,66,52,,,,,,8/31/2018,2/13/2020,40,58,19,"$15,714,541.61","$16,518,382.85","$2,404,735.04","$2,487,908.98","$248,823.69","$272,395.11",,,"$195,336.80","$195,555.05",,
93,BSC,Bridgewater,New,Plymouth,Marshall Conant Science Building Modernization and Expansion,Science/Classroom,Science/Classroom,HE Lab/Science/Tech,DC1,BSC0401,"$94,997,037.41",4,$50 to $100 Million,1/27/2009,4/3/2017,45,144,100,5/4/2005,12/13/2017,1,152,152,10/23/2008,12/21/2015,42,128,87,,,,,,7/16/2010,2/13/2015,63,118,56,"$75,198,908.87","$79,095,790.84","$7,807,416.19","$7,928,276.74","$2,712,672.62","$2,870,247.38",,,"$4,525,024.14","$5,102,722.45",,
19,BSC,Bridgewater,New,Plymouth,BSC - Bridgewater State University - New Welcome Center,Higher Ed Office/Admin Space,Higher Ed Office/Admin Space,HE - Admin,HC1,BSC1301,"$6,467,159.00",1,$0 to $10 Million,6/9/2014,4/19/2016,6,28,23,9/19/2014,3/21/2016,9,27,19,1/14/2014,12/8/2014,1,12,12,,,,,,,,,,,"$6,099,144.18","$6,224,088.00","$183,245.86","$187,855.15","$55,215.85","$55,215.85",,,,,,
23,BSC,Bridgewater,Renovation,Plymouth,BSC - Campus-wide - Electrical Infrastructure Upgrade,Mech/Electrical Infrastructure,Mech/Electrical Infrastructure,Infrastructure,PDC,BSC1901,"$11,431,350.62",2,$10 to $25 Million,12/11/2019,8/15/2022,8,40,33,5/6/2019,12/29/2020,1,20,20,8/6/2019,8/2/2022,4,40,37,,,,,,,,,,,"$10,251,121.19","$10,380,019.49","$811,498.66","$811,498.66","$133,516.48","$239,832.47",,,,,,
20,BSD,Dartmouth,Renovation,Bristol,BSD - Bristol County Jail & H.O.C. - Roof Repair/Replacement,Corrections Roof,Roof,Exterior Envelope,DC1,BSD1801,"$9,504,501.75",1,$0 to $10 Million,11/5/2019,7/30/2020,12,20,9,12/5/2018,9/2/2020,1,22,22,6/5/2019,9/19/2020,7,22,16,,,,,,,,,,,"$8,565,225.54","$8,565,225.54","$609,701.44","$626,636.44","$309,933.85","$312,639.77",,,,,,
58,CCC,Barnstable,Renovation,Barnstable,CCC- Campus Wide Sewage Disposal Upgrade,Infrastructure - Sewage,Infrastructure - Sewage,Infrastructure,HC1,CCC1201,"$2,880,362.93",1,$0 to $10 Million,8/10/2016,3/21/2018,44,63,20,3/8/2017,11/10/2020,51,95,45,1/28/2013,7/21/2020,1,91,91,,,,,,,,,,,"$2,317,555.05","$2,360,642.00","$7,326.00","$74,685.15","$294,648.05","$445,035.78",,,,,,
75,CHE,Chelsea,Renovation,Suffolk,CHE - Life Safety - Upgrade,Lifesafety,Lifesafety,Lifesafety,HC1,CHE1001,"$16,242,869.25",2,$10 to $25 Million,7/18/2012,11/30/2016,28,80,53,4/26/2010,11/23/2016,1,80,80,12/9/2010,2/8/2017,9,83,75,,,,,,,,,,,"$13,025,469.99","$13,458,651.12","$1,538,853.99","$1,594,725.79","$1,091,279.27","$1,189,492.34",,,,,,
10,CHE,Chelsea,Renovation,Suffolk,CHE - Quigley Hospital - Emergency Ward Renovation,Hopsital Inpatient Renovation,Inpatient Renovation,Hospital - Inpatient,PDC,CHE2002,"$7,892,198.04",1,$0 to $10 Million,9/2/2020,5/27/2021,2,10,9,8/18/2020,7/29/2021,1,12,12,8/12/2020,10/6/2021,1,15,15,,,,,,,,,,,"$7,094,971.33","$7,094,971.33","$573,019.93","$692,246.26","$88,931.76","$104,980.45",,,,,,
138,CSU,Boston,Renovation,Suffolk,Roof Reconstruction,Corrections Roof,Roof,Exterior Envelope,DC1,CSU0401,"$36,204,931.69",3,$25 to $50 Million,5/28/2009,9/24/2020,56,192,137,10/1/2004,11/28/2018,1,170,170,8/10/2005,10/6/2015,11,133,123,,,,,,,,,,,"$30,701,637.37","$32,259,469.46","$3,174,737.36","$3,602,176.97","$343,285.26","$343,285.26",,,,,,
44,DPH,Canton,Renovation,Norfolk,"Gymnasium and Pool Complex - Mass Hospital School, Canton",Athletic,Athletic,Athletic Facility,HC1,DCP0705,"$4,004,786.84",1,$0 to $10 Million,8/31/2010,12/15/2014,35,87,53,10/4/2007,4/30/2015,1,91,91,4/5/2010,4/8/2011,31,43,13,,,,,,,,,,,"$3,371,965.83","$3,542,265.23","$383,380.17","$434,850.16","$27,671.45","$27,671.45",,,,,,
23,BSB,Chelsea,Repair,Suffolk,"DCP - MITC, Chelsea - Building Envelope Repairs",Exterior Envelope,Exterior Envelope,Exterior Envelope,HC1,DCP1415,"$936,685.73",1,$0 to $10 Million,11/18/2014,7/1/2016,10,30,21,2/6/2014,8/11/2016,1,31,31,7/3/2014,11/24/2014,6,10,5,,,,,,,,,,,"$764,670.14","$782,670.14","$131,220.10","$152,147.84","$1,867.75","$1,867.75",,,,,,
42,BSB,Chelsea,Repair,Suffolk,"DCP - MITC, Chelsea - Envelope Repairs",Exterior Envelope,Exterior Envelope,Exterior Envelope,HC1,DCP1431,"$997,086.87",1,$0 to $10 Million,6/8/2016,4/25/2018,24,46,23,7/17/2014,6/13/2018,1,48,48,10/26/2015,9/8/2017,16,39,24,,,,,,,,,,,"$764,473.84","$804,160.36","$109,365.71","$159,365.71","$33,560.80","$33,560.80",,,,,,
47,BSB,Boston,Repair,Suffolk,DCP - McCormack Bldg. - Cafeteria & Locker Room Renovations,Interior Renovation,Interior Renovation,,HC1,DCP1448,"$1,166,447.79",1,$0 to $10 Million,6/13/2017,3/12/2019,28,49,22,3/16/2015,1/10/2019,1,47,47,10/21/2016,3/10/2018,20,37,18,,,,,,,,,,,"$1,020,548.00","$1,036,313.00","$109,479.50","$109,479.50","$20,655.29","$20,655.29",,,,,,
38,BSB,Boston,Renovation,Suffolk,DCP - McCormack Bldg. - Childrens Center - Renovate/Expand,Interior Renovation,Interior Renovation,Historic Renovation,HC1,DCP1519,"$777,121.81",1,$0 to $10 Million,1/11/2017,5/23/2018,25,41,17,1/15/2015,4/25/2018,1,40,40,7/14/2016,9/25/2017,19,33,15,,,,,,,,,,,"$585,845.88","$596,612.00","$172,777.50","$174,277.50","$6,232.31","$6,232.31",,,,,,
8,BSB,Boston,Renovation,Suffolk,DCP - McCormack Bldg. - Phased Building Renovations,Office/Admin ,Office/Admin ,Lifidafetmack,DC1,DCP1641,"$1,265,270.93",1,$0 to $10 Million,10/23/2017,1/4/2018,5,8,4,6/28/2017,2/11/2019,1,21,21,2/7/2018,2/7/2018,9,9,1,,,,,,,,,,,"$23,280.00","$23,280.00","$532,230.00","$1,235,940.93",$0.00,"$6,050.00",,,,,,
17,BSB,Boston,Renovation,Suffolk,DCP - McCormack 13fl - IG Office Buildout,Office/Admin ,Office/Admin ,fl,PDC,DCP1919H,"$532,459.23",1,$0 to $10 Million,12/9/2019,6/3/2020,11,17,7,2/19/2019,2/19/2020,1,13,13,7/24/2019,9/17/2019,6,8,3,,,,,,,,,,,"$459,656.47","$459,656.47","$68,625.00","$68,625.00","$4,177.76","$4,177.76",,,,,,
103,DCR,Cambridge,New,Middlesex,DCR Cambridge/North Pt - New Maintenance Facility,Maintenance Facility,Maintenance Facility,Maintenance Facility,DC1,DCR1110,"$25,840,099.15",3,$25 to $50 Million,9/20/2017,9/30/2020,67,103,37,3/15/2012,11/8/2021,1,117,117,12/6/2016,5/7/2022,58,123,66,,,,,,1/14/2020,9/9/2020,95,103,9,"$23,260,015.45","$23,260,015.45","$2,166,029.09","$2,209,950.39","$220,511.49","$220,056.74",,,"$150,076.57","$150,076.57",,
27,DCR,New Bedford,Repair,Bristol,"DCR - State Pier, New Bedford - Refrigeration of Bldg. 2",Mechanical Electrical ,Mechanical Electrical ,,HC1,DCR1602,"$4,152,999.45",1,$0 to $10 Million,4/13/2017,4/24/2019,7,31,25,10/25/2017,8/7/2019,13,35,23,10/21/2016,12/8/2017,1,15,15,,,,,,,,,,,"$3,974,654.00","$4,103,217.00","$17,482.50","$19,425.00","$30,357.45","$30,357.45",,,,,,
34,DDS,Waltham,Repair,Middlesex,Fernald Developmental Ctr. - Sewer Main Replacement,Infrastructure - Sewage,Infrastructure - Sewage,LiDforDepelopmental,HC1,DDS1405,"$1,746,774.00",1,$0 to $10 Million,1/16/2015,7/28/2017,6,36,31,8/1/2014,12/13/2017,1,41,41,10/10/2014,7/16/2016,3,24,22,,,,,,,,,,,"$1,425,957.96","$1,446,928.24","$229,691.16","$238,590.81","$61,254.95","$61,254.95",,,,,,
17,DDS,Templeton,Repair,Worcester,DDS - Templeton Devel. Ctr. - Cooling Water & Milk Waste Subsurface Disposal Systems,Infrastructure - Sewage,Infrastructure - Sewage,,HC1,DDS1502,"$645,502.15",1,$0 to $10 Million,9/2/2015,6/11/2019,9,54,46,1/2/2015,6/28/2017,1,30,30,2/4/2015,7/15/2015,2,7,6,,,,,,,,,,,"$537,502.09","$550,427.40","$73,012.50","$94,027.50","$1,047.25","$1,047.25",,,,,,
75,DEP,Lawrence,Renovation,Essex,Wall Experiment Station,Laboratory,Laboratory,,DC1,DEP0501,"$30,258,389.91",3,$25 to $50 Million,2/13/2008,8/8/2018,27,153,127,12/14/2005,9/26/2018,1,154,154,4/25/2007,4/7/2018,17,149,133,,,,,,4/28/2010,1/25/2012,53,74,22,"$25,261,807.36","$26,229,200.44","$2,997,360.58","$3,215,876.22","$428,191.38","$535,644.23",,,"$277,669.02","$277,669.02",,
84,DFS,Springfield,New,Hampden,DFS - Western MA Fire Training Academy - New Admin/Training Bldg.,Fire Training,Fire Training,Specialized Training,DC1,DFS0901,"$13,805,649.87",2,$10 to $25 Million,7/18/2014,7/9/2018,65,113,49,3/20/2009,3/19/2018,1,109,109,3/4/2010,1/6/2018,13,107,95,11/27/2012,11/27/2012,45,45,1,10/7/2015,8/13/2018,80,114,35,"$9,706,941.72","$10,163,967.26","$982,263.90","$1,056,872.12","$297,590.72","$317,019.10","$2,000,000.00","$2,000,000.00","$248,807.58","$267,791.39",,
74,DFS,Stow,Renovation,Middlesex,Phase II Expansion of MFA Academy,Fire Training,Fire Training,Specialized Training,DC1,DFS991,"$42,962,462.12",3,$25 to $50 Million,2/3/2010,7/9/2014,23,76,54,12/9/2008,9/30/2011,9,42,34,4/4/2008,10/29/2013,1,67,67,,,,,,,,,,,"$646,547.40","$652,420.27","$17,329.09","$17,329.09","$97,650.31","$97,650.31",,,,,,
104,DMH,Worcester,New,Worcester,DMH - Worcester - New Psychiatric Facility,New Hospital Inpatient,New,Psychiatric - Inpatient,DC1,DMH0501,"$296,511,379.16",6,$150+ Million,1/24/2008,11/18/2021,39,205,167,5/18/2005,3/7/2022,7,209,203,11/24/2004,2/24/2022,1,208,208,,,,,,7/31/2008,8/31/2015,45,130,86,"$245,216,352.48","$258,095,310.00","$27,911,734.24","$29,870,640.85","$1,623,935.16","$3,169,312.92",,,"$5,272,772.82","$5,376,115.39",,
111,DMH,Taunton,Renovation,Bristol,"DMH - Taunton State Hospital, Goss 3 - Repairs and Renovations",Hospital Inpatient Renovation,Inpatient Renovation,DMH Tvitone,HC2,DMH0637,"$10,753,027.20",2,$10 to $25 Million,8/22/2006,3/30/2017,3,130,128,5/1/2009,11/10/2016,36,126,91,6/30/2006,10/3/2014,1,101,101,,,,,,6/3/2010,2/12/2015,49,105,57,"$8,062,470.60","$8,433,349.59","$803,737.04","$819,613.72","$1,241,697.68","$1,241,697.68",,,"$258,366.21","$258,366.21",,
17,DMH,Taunton,New,Bristol,DMH - Taunton S.H. - Secure Womens Addiction Treatment Unit (Temporary),Hospital Inpatient Renovation,Inpatient Renovation,Corrections - Treatment,HC1,DMH1602,"$14,627,833.30",2,$10 to $25 Million,1/22/2016,1/9/2018,4,28,25,11/4/2015,9/18/2017,2,24,23,10/21/2015,9/8/2017,1,24,24,,,,,,1/13/2016,7/10/2017,4,22,19,"$12,309,496.40","$12,365,289.87","$1,518,102.99","$1,559,383.84","$217,654.34","$207,633.76",,,"$493,001.33","$495,525.83",,
12,DMH,Worcester,Repair,Worcester,DMH - Worcester Recovery Ctr. & Hospital - Emergency Power to A/C,Hospital Electrical,Electrical,Infrastructure,DC1,DMH1604,"$444,958.45",1,$0 to $10 Million,12/19/2016,2/7/2018,5,19,15,8/29/2016,1/22/2018,1,18,18,9/12/2016,9/8/2017,2,14,13,,,,,,,,,,,"$292,092.50","$300,590.72","$111,423.70","$118,984.00","$24,979.61","$25,383.73",,,,,,
16,DMH,Taunton,Repair,Bristol,DMH Taunton - Goss building- Fire Protection,Hospital Life Safety,Lifesafety,,HC1,DMH1901,"$2,802,244.42",1,$0 to $10 Million,8/6/2019,10/16/2020,7,21,15,2/20/2019,11/4/2020,1,22,22,4/26/2019,5/7/2022,3,40,38,,,,,,,,,,,"$2,438,765.89","$2,510,806.38","$232,027.00","$235,377.00","$52,938.85","$56,061.04",,,,,,
92,DMR,Danvers,Energy,Essex,Comprehensive Energy Efficiency Project,Energy/Water,Energy/Water,Energy/Infrastructure,EC1,DMR0501,"$26,254,402.69",3,$25 to $50 Million,10/8/2010,1/11/2016,58,121,64,1/30/2006,11/24/2014,1,107,107,3/7/2007,7/11/2018,15,151,137,,,,,,,,,,,"$23,517,804.00","$24,620,807.36","$813,503.14","$922,221.93","$75,379.16","$711,373.40",,,,,,
73,DOC,Gardner,Energy,Worcester,DOC NCCI Gardner - Wind Turbine - Installation,Energy Turbine,Energy Turbine,Energy Turbine,EC1,DOC0702,"$10,931,746.78",2,$10 to $25 Million,9/23/2010,7/29/2014,38,84,47,8/31/2007,7/26/2017,1,120,120,11/16/2009,2/28/2020,28,151,124,,,,,,,,,,,"$9,551,181.74","$9,573,056.74","$1,168,764.97","$1,191,350.97","$21,453.37","$167,339.07",,,,,,
92,DOC,Norfolk,New,Norfolk,Wastewater Package Treatment Plant,Infrastructure - Sewage,Infrastructure - Sewage,Infrastructure,DC1,DOC0802,"$11,512,747.20",2,$10 to $25 Million,4/2/2010,8/22/2016,27,103,77,8/27/2012,12/5/2017,55,119,65,2/6/2008,10/13/2017,1,117,117,,,,,,,,,,,"$9,658,916.77","$10,156,534.04","$65,915.00","$207,915.00","$1,109,348.16","$1,148,298.16",,,,,,
119,DOC,Gardner,Energy,Worcester,DOC - NCCI Gardner - Comprehensive Energy Efficiency Project,Corrections Energy ,Energy,Energy/Infrastructure,EC1,DOC0902,"$14,259,223.12",2,$10 to $25 Million,9/23/2013,2/20/2019,54,119,66,4/3/2009,4/12/2018,1,109,109,11/20/2012,11/21/2016,44,92,49,,,,,,,,,,,"$13,649,178.99","$13,649,178.99","$585,651.63","$585,651.63","$24,392.50","$24,392.50",,,,,,
81,DPH,Boston,Renovation,Suffolk,Improvements to Massachusetts State Laboratory,Laboratory,Laboratory,,DC1,DPH0702,"$20,395,732.19",2,$10 to $25 Million,7/27/2010,5/12/2017,33,115,83,11/16/2007,3/13/2017,1,113,113,2/4/2010,12/5/2015,28,98,71,,,,,,8/30/2011,8/30/2011,46,46,1,"$16,697,409.40","$17,307,449.61","$2,758,924.45","$2,824,283.45","$195,531.27","$267,539.13",,,"($3,540.00)","($3,540.00)",,
59,DPH,Tewksbury,Renovation,Middlesex,DPH - Tewksbury S.H. - Saunders Building - Generator Expansion,Hospital Interior Reno,Interior Renovation,Hiwksric Renovation,HC1,DPH1202,"$3,855,100.00",1,$0 to $10 Million,3/16/2016,11/15/2017,43,63,21,9/17/2012,9/27/2017,1,61,61,9/16/2014,9/8/2017,25,61,37,,,,,,,,,,,"$2,576,030.90","$2,587,862.80","$297,245.00","$317,495.00","$949,853.15","$949,742.20",,,,,,
34,DPH,Bosjamplai,Repair,Suffolk,DPH - Lemuel Shattuck Hospital - Façade Stabilization,Hospital External Repair,Exterior Repair,,HC1,DPH1304,"$554,579.17",1,$0 to $10 Million,9/27/2013,6/5/2017,1,46,46,9/9/2013,11/2/2017,1,51,51,10/23/2013,7/11/2016,2,35,34,,,,,,,,,,,"$372,551.25","$384,990.34","$149,836.00","$155,087.00","$4,920.52","$14,501.83",,,,,,
82,DPH,Boston,Energy,Suffolk,"DPH - Lab Institute, Jamaica Plain - Boiler - Energy Design-Build",Laboratory,Laboratory,Energy/Infrastructure,EC1,DPH1350E,"$14,241,074.13",2,$10 to $25 Million,4/5/2016,5/27/2021,34,95,62,7/9/2013,8/26/2020,1,86,86,2/11/2015,10/30/2018,20,64,45,,,,,,,,,,,"$12,962,179.52","$13,478,007.49","$444,349.07","$459,711.88","$303,354.76","$303,354.76",,,,,,
43,DPH,Tewksbury,Renovation,Middlesex,DPH Tewksbury - Saunders Building - Hospital Patient Room Renovation,Hospital Inpatient Renovation,Inpatient Renovation,Hospital,PDC,DPH2011,"$1,479,328.14",1,$0 to $10 Million,6/30/2021,2/29/2024,11,43,33,8/26/2020,11/10/2020,1,4,4,1/11/2021,8/31/2021,6,13,8,,,,,,,,,,,"$1,288,585.85","$1,288,585.85","$218,564.00","$218,564.00","$49,585.00","$49,585.00",,,,,,
14,DPH,Boston,Repair,Suffolk,"DPH - Hinton Lab, Stables Building - Roof Repair",Laboratory Roof,Roof,Stables,PDC,DPH2101,"$744,771.71",1,$0 to $10 Million,6/28/2021,2/17/2022,6,14,9,1/4/2021,2/1/2022,1,14,14,4/13/2021,1/15/2022,4,13,10,,,,,,,,,,,"$612,401.01","$612,401.01","$85,567.75","$85,567.75","$46,802.95","$46,802.95",,,,,,
113,DYS,Middleton,New,Essex,DYS Middleton - NE Regional Youth Service Ctr - New Facility,New Youth,New,Youth Correction,DC1,DYS0701,"$47,340,318.29",3,$25 to $50 Million,7/9/2013,3/14/2018,72,128,57,8/1/2007,1/30/2019,1,138,138,8/31/2012,1/6/2018,61,126,66,,,,,,6/24/2016,1/3/2017,107,114,8,"$40,184,534.19","$41,843,858.92","$3,709,123.90","$3,936,294.98","$641,246.69","$595,151.62",,,"$950,555.77","$965,012.77",,
83,DYS,Springfiel,Emergency,Hampden,Repairs and Modular Additions to DYS Springfield,Youth Roof,Roof,,EM2,DYS0801,"$18,642,415.60",2,$10 to $25 Million,3/24/2008,10/3/2017,3,118,116,1/24/2008,5/1/2017,1,113,113,2/10/2009,11/7/2015,14,95,82,,,,,,4/5/2011,6/29/2012,40,54,15,"$15,287,079.91","$15,643,602.45","$2,016,818.81","$2,088,420.33","$610,018.57","$673,915.54",,,"$236,477.28","$236,477.28",,
21,DYS,Lowell,Repair,Middlesex,DYS - Chelmsford DYS - Bigelow Building - Roof Repair,Infrastructure Roof,Roof,Hawelrac Repair,HC1,DYS1301,"$465,141.02",1,$0 to $10 Million,4/5/2013,10/8/2014,3,21,19,2/26/2013,3/26/2015,1,26,26,12/6/2013,12/10/2013,11,11,1,,,,,,,,,,,"$408,073.99","$408,073.99","$43,996.25","$55,909.51","$1,157.52","$1,157.52",,,,,,
57,DYS,Westborough,Energy,Worcester,"DYS -Central Youth Serv.Ctr., Westboro - Construction  - non-CEIP",Energy/Infrastructure,Energy/Infrastructure,Energy/Infrastructure,EC1,DYS1302E,"$4,741,435.82",1,$0 to $10 Million,2/1/2017,8/29/2018,39,57,19,12/13/2013,5/16/2018,1,54,54,2/11/2015,12/18/2018,15,61,47,,,,,,,,,,,"$4,213,285.22","$4,213,285.22","$363,205.10","$363,205.10","$68,668.82","$164,945.50",,,,,,
33,DYS,Westborough,Renovation,Worcester,DYS - Westborough State Hospital - Infrastructure Upgrades,Hospital External Repair,Exterior Repair,Renovation/Wospital,HC3,DYS1602,"$2,175,331.68",1,$0 to $10 Million,6/14/2017,8/28/2019,9,35,27,5/10/2017,8/28/2019,8,35,28,10/7/2016,6/8/2019,1,33,33,,,,,,,,,,,"$1,684,510.49","$1,753,689.23","$223,753.27","$238,067.27","$183,575.18","$183,575.18",,,,,,
6,DYS,Middleton,Energy,Essex,DYS - Middleton - NE Reg. Youth Center - Rooftop Solar PV - Construction,Energy Solar,Energy Solar,Energy Solar,EC1,DYS2002E,"$23,704.50",1,$0 to $10 Million,6/17/2020,6/17/2020,6,6,1,1/29/2020,11/25/2020,1,11,11,3/20/2020,3/20/2020,3,3,1,,,,,,,,,,,"$1,295.00","$1,295.00","$18,696.00","$21,871.00",$538.50,$538.50,,,,,,
12,DYS,Westborough,Renovation,Worcester,DYS Westborough - Allen Hall - Bathroom Modifications for DMH,Youth Reno,Renovation,Bathroom,PDC,DYS2102,"$3,315,819.68",1,$0 to $10 Million,10/28/2021,6/21/2022,4,12,9,7/27/2021,5/19/2022,1,11,11,8/17/2021,4/9/2022,2,10,9,,,,,,,,,,,"$2,908,214.79","$2,908,214.79","$365,760.00","$365,760.00","$41,844.89","$41,844.89",,,,,,
86,EPS,Framingham,Energy,Middlesex,EPS - MEMA - Framingham - Energy and Water Upgrades - Construction - CEIP,Energy/Water,Energy/Water,Energy/Water,EC1,EPS1401A,"$5,602,556.57",1,$0 to $10 Million,6/5/2019,9/13/2021,59,86,28,8/18/2014,3/10/2021,1,80,80,9/14/2017,12/23/2020,38,77,40,,,,,,,,,,,"$5,073,158.46","$5,073,158.46","$384,247.97","$384,247.97","$145,150.14","$145,150.14",,,,,,
65,FRC,Framingham,Renovation,Middlesex,FRC – Hemenway Hall – Addition / Renovation,HE - Reno,Renovation,HE - aaillnald/Dvaall – Addhall – addition / renovation/FRC – Hemenway Hall –,DC1,FRC0802,"$72,622,534.59",4,$50 to $100 Million,7/2/2013,10/10/2018,19,82,64,6/7/2012,4/20/2018,6,76,71,1/13/2012,10/6/2018,1,82,82,,,,,,6/26/2015,11/17/2017,42,71,30,"$61,168,285.21","$63,431,333.10","$5,949,887.90","$6,156,879.32","$567,343.07","$641,762.66",,,"$1,987,136.58","$2,392,559.51",,
65,FRC,Framingham,Energy,Middlesex,FRC - Energy - Performance Contract,Energy/Infrastructure,Energy/Infrastructure,Energy/Infrastructure,EC2,FRC1001,"$7,226,670.11",1,$0 to $10 Million,12/15/2010,6/16/2016,5,71,67,,,,,,8/3/2010,9/20/2012,1,26,26,,,,,,,,,,,"$6,824,893.57","$7,135,147.77",,,"$91,522.34","$91,522.34",,,,,,
95,FSC,Fitchburg,Renovation,Worcester,Science Facility Modernization,Science/Classroom,Science/Classroom,Science Rolrgohnne,DC1,FSC0501,"$54,843,548.15",4,$50 to $100 Million,8/23/2010,6/8/2017,45,127,83,10/11/2007,6/12/2017,11,127,117,12/20/2006,11/7/2015,1,108,108,,,,,,6/19/2013,6/17/2015,79,103,25,"$43,735,514.08","$45,811,950.80","$5,076,539.56","$5,296,169.27","$1,226,427.43","$1,300,571.84",,,"$2,402,968.97","$2,434,856.24",,
69,FSC,Fitchburg,Energy,Worcester,FSC - Energy/Water Retrofit - CEIP,Energy/Water,Energy/Water,Energy/Water,EC1,FSC1301A,"$9,505,892.93",1,$0 to $10 Million,3/23/2017,9/16/2019,42,72,31,10/10/2013,7/3/2020,1,82,82,1/19/2016,8/21/2019,28,71,44,,,,,,,,,,,"$8,186,702.56","$8,425,158.49","$718,125.81","$728,672.96","$102,089.48","$352,061.48",,,,,,
124,FWE,Westborough,Renovation,Worcester,Renovation of Field HQ Building,Admin Renovation,Admin Renovation,Admin HQ,DC1,FWE0200,"$26,918,049.02",3,$25 to $50 Million,12/11/2012,9/5/2018,67,136,70,6/15/2007,7/25/2018,1,134,134,3/4/2009,8/29/2018,22,135,114,,,,,,7/3/2014,7/10/2015,86,98,13,"$21,817,575.43","$22,688,544.23","$2,908,803.01","$2,975,662.96","$337,504.96","$365,923.71",,,"$887,918.12","$887,918.12",,
79,SH,Boston,Renovation,Suffolk,Roof & Exterior Repairs,Infrastructure Roof,Roof,Exterior Envelope,DC1,G0502,"$16,295,530.17",2,$10 to $25 Million,11/14/2007,1/28/2014,17,91,75,7/11/2006,1/8/2014,1,91,91,8/28/2007,8/6/2012,14,74,61,,,,,,,,,,,"$13,731,909.55","$14,358,631.72","$1,564,195.87","$1,719,540.37","$217,358.08","$217,358.08",,,,,,
72,BSB,Boston,Renovation,Suffolk,Elevator Modernization,Elevator Renovation,Renovation,Elevator,HC1,G0801,"$4,220,580.08",1,$0 to $10 Million,6/10/2011,11/22/2016,43,108,66,12/27/2007,1/26/2015,1,86,86,1/20/2011,8/9/2013,38,69,32,,,,,,,,,,,"$3,621,283.47","$3,767,003.23","$309,361.45","$315,346.95","$138,229.90","$138,229.90",,,,,,
55,GCC,Greenfield,Renovation,Franklin,Campus Core Modernization,HE - Reno,Renovation,HE - General Academic,DC1,GCC0601,"$29,564,492.71",3,$25 to $50 Million,6/19/2009,8/11/2016,28,114,87,3/7/2007,12/5/2012,1,70,70,3/14/2008,2/2/2012,13,60,48,,,,,,1/31/2011,7/15/2011,47,53,7,"$24,389,113.39","$25,400,200.55","$2,851,238.37","$2,924,171.60","$138,064.66","$143,086.05",,,"$1,097,034.51","$1,097,034.51",,
139,HCC,Holyoke,Renovation,Hampden,HCC - Frost / Donahue - Renovation,HE - Reno,Renovation,CR - General Academic,DC1,HCC0801,"$40,170,887.42",3,$25 to $50 Million,5/4/2011,10/5/2022,32,169,138,10/14/2008,2/8/2023,1,173,173,10/1/2008,4/9/2022,1,163,163,,,,,,10/14/2011,2/27/2020,37,137,101,"$32,660,994.89","$34,251,279.41","$4,338,412.77","$4,429,520.48","$504,884.72","$557,230.31",,,"$932,857.22","$932,857.22",,
31,HCC,Holyoke,Renovation,Hampden,HCC – Jarvis Avenue – Renovation,HE - Reno,Renovation,SH - General Academic,HC2,HCC1201,"$4,922,812.24",1,$0 to $10 Million,1/7/2015,10/17/2016,16,37,22,10/21/2013,8/29/2016,1,35,35,9/10/2014,4/3/2017,12,43,32,,,,,,5/29/2015,4/1/2016,20,31,12,"$3,950,598.59","$4,022,480.90","$518,810.60","$546,197.60","$13,909.30","$16,409.30",,,"$337,724.44","$337,724.44",,
52,HCC,Holyoke,Energy,Hampden,HCC - Holyoke C.C. - Energy Conservation Measures,Energy/Infrastructure,Energy/Infrastructure,Energy/Infrastructure,EC1,HCC1301E,"$6,727,321.52",1,$0 to $10 Million,5/3/2016,9/28/2018,35,63,29,7/9/2013,7/15/2019,1,73,73,7/9/2015,6/27/2019,25,72,48,,,,,,,,,,,"$5,587,441.56","$5,721,021.67","$798,392.50","$805,330.00","$208,017.59","$200,969.85",,,,,,
42,HCC,Holyoke,Renovation,Hampden,HCC - Holyoke C.C. - Marieb Hall - Various - Renovations,Infrastructure Renovation,Renovation,HE - General Academic,HC1,HCC1502,"$5,145,556.83",1,$0 to $10 Million,9/16/2016,8/27/2019,12,47,36,10/5/2015,8/13/2019,1,47,47,7/15/2016,7/13/2019,10,46,37,,,,,,7/9/2018,7/19/2018,34,34,1,"$4,476,656.16","$4,680,842.37","$271,192.57","$284,332.29","$113,424.14","$130,129.31",,,"$50,252.86","$50,252.86",,
17,HCC,Springfield,Renovation,Hampden,HCC - Powerplant / Utility Tunnel - Main Switchgear & Power Center Replacement - Design/Build,Infrastructure Electrical,Electrical,Infrastructure,PDC,HCC1901L,"$6,828,205.88",1,$0 to $10 Million,12/11/2019,2/12/2021,8,22,15,5/6/2019,7/14/2021,1,27,27,10/15/2019,12/22/2020,6,20,15,,,,,,,,,,,"$6,015,279.61","$6,300,878.69","$466,004.00","$471,320.00","$54,787.43","$56,007.19",,,,,,
77,HLY,Holyoke,Repair,Hampden,HLY - Holyoke Soldiers Home - Life Safety Upgrades,Veteran Life Safety,Lifesafety,Hospital - Life Safety,HC1,HLY1503,"$1,840,232.31",1,$0 to $10 Million,5/29/2019,6/27/2022,51,88,38,3/6/2015,8/12/2021,1,78,78,4/17/2015,6/6/2020,2,64,63,,,,,,,,,,,"$1,301,778.48","$1,308,239.04","$395,976.69","$446,702.94","$85,290.33","$85,290.33",,,,,,
13,HLY,Holyoke,Repair,Hampden,HLY - Holyoke Veterans Home - Critical Repairs,Veteran Repair,Repair,Infrastructure,PDC,HLY1902,"$389,940.00",1,$0 to $10 Million,4/17/2020,6/4/2020,11,13,3,6/17/2019,9/3/2021,1,28,28,,,,,,,,,,,,,,,,"$250,000.00","$250,000.00","$138,540.60","$139,940.00",,,,,,,,
86,HSD,Northampton,Repair,Hampshire,HSD - Modular Dorms - Facility Assessment and Repairs,Corrections Repair,Repair,Corrections - Repair,HC1,HSD1302,"$5,990,944.20",1,$0 to $10 Million,10/24/2018,6/2/2021,61,93,33,10/17/2013,3/23/2021,1,90,90,4/30/2018,11/7/2020,55,86,32,1/13/2016,1/13/2016,28,28,1,,,,,,"$4,865,989.62","$5,040,082.58","$562,373.22","$564,208.44","$136,653.18","$136,653.18","$250,000.00","$250,000.00",,,,
36,HSD,Northampton,Repair,Hampshire,HSD - Hampshire Jail/HOC - Ventilation Repairs,Corrections HVAC,HVAC,Corrections - HVAC,HC1,HSD1901,"$1,290,418.64",1,$0 to $10 Million,12/22/2020,11/8/2023,22,57,36,3/7/2019,11/14/2023,1,57,57,8/18/2020,7/10/2021,18,29,12,,,,,,,,,,,"$944,816.57","$967,642.47","$259,294.95","$262,820.95","$59,955.22","$59,955.22",,,,,,
90,ITD,Springfield,New,Hampden,Second ITD Data Center,IT Data Center,IT Data Center,Data Center,DC1,ITD0901,"$86,221,404.65",4,$50 to $100 Million,1/26/2010,8/26/2019,48,163,116,2/2/2006,9/9/2019,1,164,164,5/10/2006,12/8/2017,4,143,140,,,,,,2/27/2013,7/16/2014,85,102,18,"$67,366,478.87","$70,778,283.88","$11,725,553.28","$12,830,234.60","$782,578.35","$2,160,758.92",,,"$425,680.04","$452,127.25",,
27,BSB,Boston,Renovation,Suffolk,McCormack Building  - 7th Floor Mass It Server Room Construction,IT Data Center,IT Data Center,Data Center,HC1,ITD1701,"$1,189,003.16",1,$0 to $10 Million,8/15/2018,1/2/2020,14,31,18,7/17/2017,5/13/2019,1,23,23,11/20/2017,10/4/2019,5,28,24,,,,,,,,,,,"$1,019,444.12","$1,068,087.80","$64,627.00","$64,627.00","$56,281.87","$56,288.36",,,,,,
56,TRC,Fall River,Renovation,Bristol,Fall River Trial Court,Court Reno,Renovation,MA - General Academic,DC1,J9810,"$78,534,126.82",4,$50 to $100 Million,1/30/2007,7/18/2014,11,101,91,4/10/2006,6/19/2014,2,100,99,3/24/2006,7/31/2014,1,101,101,,,,,,3/8/2010,8/7/2013,49,90,42,"$63,267,144.05","$65,568,288.90","$6,441,497.80","$6,611,769.63","$985,162.57","$1,261,467.49",,,"$2,677,478.02","$2,812,702.04",,
109,MAS,Brockton,Energy,Plymouth,MAS Brockton / Canton - Energy/Water - Performance Contract,Energy/Water,Energy/Water,Energy/Water,EC1,MAS0801,"$10,443,363.93",2,$10 to $25 Million,10/19/2010,3/29/2017,32,109,78,3/28/2008,1/9/2019,1,131,131,9/15/2008,8/29/2018,7,126,120,,,,,,,,,,,"$9,632,121.00","$9,632,121.00","$322,299.00","$328,654.00","$301,185.68","$482,588.93",,,,,,
13,MAS,Brockton,New,Plymouth,MAS - Massasoit C.C. - New Allied Health & Science Building,Science/Classroom,Science/Classroom,HE - Allied Health and Science,DC1,MAS1402,"$610,342.74",1,$0 to $10 Million,4/3/2015,10/7/2015,7,13,7,10/27/2014,9/29/2016,1,24,24,,,,,,,,,,,,,,,,"$81,994.29","$81,994.29","$335,461.77","$528,348.45",,,,,,,,
13,MBC,Wellesley,Repair,Norfolk,MBC - Carey Building - HVAC Upgrades,HE - Reno,Renovation,HE - HVAC,HC1,MBC1601,"$2,179,979.48",1,$0 to $10 Million,9/20/2017,4/11/2018,6,13,8,4/12/2017,8/22/2018,1,17,17,6/26/2017,11/8/2022,3,68,66,,,,,,,,,,,"$1,882,107.11","$1,882,107.11","$226,822.50","$248,717.50","$49,131.31","$49,154.87",,,,,,
105,MCA,Boston,New,Suffolk,MCA - Center for Design+Media - New Facility (need own category?),Classroom,Classroom,HE - General Academic,DC1,MCA0602,"$45,185,207.10",3,$25 to $50 Million,5/16/2012,5/22/2018,55,127,73,11/2/2007,6/28/2017,1,116,116,2/25/2011,10/9/2015,40,96,57,,,,,,,,,,,"$38,234,823.76","$39,799,224.81","$4,512,525.31","$5,239,069.62","$146,912.67","$146,912.67",,,,,,
50,MCA,Boston,Renovation,Suffolk,MCA - Massachusettts College of Art - Switchgear Replacement,Mech/Electrical Infrastructure,Mech/Electrical Infrastructure,HE - Electrical Infrastructure,HC1,MCA1401,"$3,071,285.17",1,$0 to $10 Million,4/20/2016,5/15/2019,22,59,38,7/23/2014,7/24/2019,1,61,61,11/25/2015,9/8/2017,17,39,23,,,,,,,,,,,"$2,474,074.80","$2,594,282.94","$417,281.50","$441,781.50","$35,220.73","$35,220.73",,,,,,
37,MCA,Boston,Renovation,Suffolk,MCA - Tower Bldg. - Replace Fire Alarm System and Fire Pump,Lifesafety,Lifesafety,,HC1,MCA1402,"$1,994,333.25",1,$0 to $10 Million,2/25/2016,2/1/2018,22,46,25,5/23/2014,3/26/2018,1,47,47,8/14/2015,9/8/2017,16,41,26,,,,,,,,,,,"$1,723,289.67","$1,756,044.67","$188,210.00","$201,750.00","$64,032.92","$36,538.58",,,,,,
64,MCC,Lowell,Renovation,Middlesex,MCC Lowell - Academic Arts Center - Renovation,HE - Reno,Renovation,,DC1,MCC1001,"$22,946,142.98",2,$10 to $25 Million,7/13/2015,4/27/2021,14,83,70,7/3/2014,1/27/2021,2,80,79,6/27/2014,8/26/2020,1,75,75,,,,,,,,,,,"$20,090,623.33","$20,587,790.30","$2,028,670.22","$2,084,083.02","$198,310.57","$274,269.66",,,,,,
29,MCC,Bedford,Energy,Middlesex,MCC - MCC Bedford - New Chiller Plant - Energy Design/Build,Energy/Infrastructure,Energy/Infrastructure,Energy/Infrastructure,EC1,MCC1301E,"$6,109,401.63",1,$0 to $10 Million,3/6/2015,10/11/2016,18,37,20,10/9/2013,5/12/2016,1,32,32,5/1/2014,12/5/2015,8,27,20,,,,,,,,,,,"$5,626,884.83","$5,827,687.65","$250,295.20","$278,485.20","$3,228.78","$3,228.78",,,,,,
21,MCC,Lowell,Repair,Middlesex,MCC - Lowell - HVAC Repairs/Upgrade,HE - Reno,Renovation,,HC1,MCC1401,"$3,140,042.92",1,$0 to $10 Million,9/19/2014,6/17/2016,8,29,22,6/16/2014,8/6/2015,5,19,15,2/24/2014,10/15/2015,1,21,21,,,,,,,,,,,"$2,826,277.67","$2,955,567.82","$161,383.35","$161,383.35","$23,091.75","$23,091.75",,,,,,
52,MIL,Natick,New,Middlesex,MIL Natick - NG Readiness Center - New Facility,Military Facility,Military Facility,Armory,DC1,MIL1001,"$16,307,769.70",2,$10 to $25 Million,1/10/2013,1/13/2016,32,68,37,6/25/2010,3/9/2017,1,82,82,6/26/2012,9/8/2017,25,88,64,,,,,,8/12/2014,5/29/2015,51,60,10,"$13,213,984.65","$13,838,499.24","$1,103,274.82","$1,242,350.80","$139,914.61","$304,459.44",,,"$606,096.28","$922,460.22",,
21,MIL,Natick,Energy,Middlesex,MIL - Natick Readiness Center - Solar PV Design/Build - Off-cap funding,Energy Solar,Energy Solar,Energy Solar,EC1,MIL1901A,"$1,513,323.49",1,$0 to $10 Million,10/22/2019,12/29/2020,14,28,15,12/27/2018,12/8/2020,4,28,25,9/27/2018,8/2/2022,1,48,48,,,,,,,,,,,"$1,385,118.00","$1,405,118.00","$97,310.00","$107,261.55",$943.94,$943.94,,,,,,
90,MMA,Bourne,Renovation,Barnstable,"Library Modernization, Massachusetts Maritime Academy",HE - Reno,Renovation,,DC1,MMA0701,"$22,702,461.41",2,$10 to $25 Million,9/3/2009,11/2/2016,27,113,87,7/20/2007,6/13/2016,1,108,108,10/8/2008,1/17/2014,16,79,64,,,,,,5/31/2011,3/19/2012,47,57,11,"$18,034,367.18","$18,788,161.05","$2,943,912.77","$2,994,866.93","$242,888.16","$242,888.16",,,"$676,545.27","$676,545.27",,
24,MMA,Bourne,Renovation,Barnstable,MMA - Hurley Library - Repurposing,HE - Reno,Renovation,MA - General Academic,HC1,MMA1201,"$6,829,084.15",1,$0 to $10 Million,2/11/2014,7/11/2017,9,50,42,6/7/2013,9/21/2016,1,40,40,11/1/2013,11/7/2015,6,30,25,,,,,,11/3/2014,10/7/2015,18,29,12,"$5,473,695.18","$5,679,486.76","$611,909.66","$629,876.82","$76,112.18","$81,969.25",,,"$437,469.94","$437,751.32",,
20,MMA,Bourne,Renovation,Barnstable,MMA - Powerplant - Electrical Infrastructure Upgrade/Resiliency,Mech/Electrical Infrastructure,Mech/Electrical Infrastructure,Electrical,PDC,MMA1901L,"$6,923,879.23",1,$0 to $10 Million,12/11/2019,2/25/2021,8,22,15,5/6/2019,12/7/2021,1,32,32,7/23/2019,5/11/2021,3,25,23,,,,,,,,,,,"$6,210,639.73","$6,300,989.58","$507,924.00","$513,150.00","$99,071.01","$109,739.65",,,,,,
62,MWC,Gardner,New,Worcester,MWC - Haley Academic Center - New Science Addition,Science/Classroom,Science/Classroom,HE - Lab/Science/Tech,DC1,MWC1201,"$41,580,639.22",3,$25 to $50 Million,9/25/2014,8/12/2022,22,117,96,12/14/2012,7/25/2022,1,116,116,5/14/2013,9/7/2022,6,118,113,,,,,,2/22/2016,5/18/2018,39,66,28,"$34,560,783.65","$36,247,112.35","$3,974,491.62","$4,116,959.22","$477,106.87","$484,929.49",,,"$719,907.66","$731,638.16",,
49,MWC,Gardner,Repair,Worcester,MWC - Mount Wachusett C.C. - Parking Lots & Walkways Improvements,Parking,Parking,LiRdlrRep,HC1,MWC1501,"$4,750,090.57",1,$0 to $10 Million,5/9/2018,2/19/2020,37,58,22,11/21/2016,10/21/2019,19,54,36,5/7/2015,4/3/2020,1,60,60,,,,,,,,,,,"$4,218,270.16","$4,378,513.00","$20,215.00","$30,455.00","$333,843.39","$341,122.57",,,,,,
20,MWC,Gardner,Renovation,Worcester,MWC - Powerplant/Campuswide - Mechanical Infrastructure Upgrade - Design/Build,Mech/Electrical Infrastructure,Mech/Electrical Infrastructure,Infrastructure,PDC,MWC1901,"$4,432,524.13",1,$0 to $10 Million,12/11/2019,5/4/2023,8,49,42,5/6/2019,5/26/2021,1,25,25,2/10/2020,9/13/2020,10,17,8,,,,,,,,,,,"$3,736,258.32","$3,913,818.31","$475,935.30","$480,000.85","$38,704.97","$38,704.97",,,,,,
62,NAC,North Adams,New,Berkshire,MCLA - New Center for Design and Innovation,Science/Classroom,Science/Classroom,HE - General Academic,DC1,NAC1001,"$53,224,899.09",4,$50 to $100 Million,1/25/2012,3/20/2018,20,94,75,6/11/2010,4/20/2018,1,95,95,11/23/2010,9/21/2017,6,88,83,,,,,,9/23/2015,9/23/2015,64,64,1,"$44,196,629.33","$46,352,771.52","$4,306,937.73","$4,633,951.64","$248,802.45","$1,938,175.93",,,$0.00,"$300,000.00",,
72,NEC,Lawrence,New,Essex, Allied Health and Technology Building,Science/Classroom,Science/Classroom,HE - Allied Health,DC1,NEC0801,"$25,381,088.74",3,$25 to $50 Million,9/30/2011,6/21/2017,38,107,70,8/29/2008,1/23/2017,1,102,102,7/2/2009,1/30/2017,12,102,91,,,,,,1/28/2014,6/30/2014,66,71,6,"$20,251,537.72","$21,135,027.27","$2,080,962.23","$2,149,605.36","$954,342.79","$959,982.79",,,"$1,136,473.32","$1,136,473.32",,
61,NEC,Haverhill,Energy,Essex,NEC - Comprehensive Energy Efficiency Project,Energy/Infrastructure,Energy/Infrastructure,Energy/Infrastructure,EC1,NEC0901,"$7,061,958.90",1,$0 to $10 Million,4/25/2011,12/11/2014,24,68,45,5/29/2009,3/10/2015,1,71,71,12/30/2011,1/16/2019,32,117,86,,,,,,,,,,,"$5,385,557.33","$5,657,373.56","$314,357.50","$316,772.00","$74,757.34","$1,087,813.34",,,,,,
37,NEC,Haverhill,Renovation,Essex,"NEC - Northern Essex C.C., Haverhill - Renovate Spurk Building",HE - Reno,Renovation,LlSssaSetern,HC1,NEC1401,"$17,540,134.26",2,$10 to $25 Million,9/23/2015,10/18/2018,9,46,38,1/7/2015,1/7/2020,1,61,61,3/2/2015,5/2/2018,3,41,39,,,,,,11/17/2016,11/17/2016,23,23,1,"$15,242,931.66","$15,510,308.06","$1,674,998.98","$1,725,488.44","$285,334.84","$300,833.04",,,"$3,504.72","$3,504.72",,
23,NEC,Lawrence,Renovation,Essex,NEC - NECC Lawrence - Dimitry Bldg - Envelope & Site Renovations,Exterior Envelope,Exterior Envelope,LiSdlaSetLawrence - Dimitry,HC1,NEC1601,"$4,851,624.29",1,$0 to $10 Million,5/25/2018,12/20/2019,12,31,20,6/14/2017,12/18/2019,1,31,31,11/21/2017,6/29/2020,6,37,32,,,,,,1/18/2018,4/25/2018,8,11,4,"$3,912,677.35","$4,111,923.76","$459,573.77","$484,682.92","$187,784.29","$230,189.21",,,"$24,828.40","$24,828.40",,
22,NEC,Haverhill,Renovation,Essex,NEC - Campus Wide - Sewer/Drainage/Electrical Infrastructure Upgrades,Infrastructure - Sewage,Infrastructure - Sewage,Drainage,PDC,NEC2001,"$6,314,209.83",1,$0 to $10 Million,5/20/2020,4/10/2023,1,36,36,5/20/2020,4/25/2022,1,24,24,10/13/2020,12/13/2022,6,32,27,,,,,,,,,,,"$5,184,838.30","$5,453,882.84","$778,813.44","$778,884.31","$81,442.68","$81,442.68",,,,,,
72,NSC,Lynn,Renovation,Essex,NSC - NSC Lynn - Campus Expansion / Renovation,HE - Reno,Renovation,,DC1,NSC1102,"$22,509,124.34",2,$10 to $25 Million,10/5/2015,7/25/2018,51,84,34,8/19/2011,8/7/2018,1,85,85,11/30/2011,12/8/2020,4,113,110,,,,,,4/19/2017,1/18/2018,69,78,10,"$18,606,272.61","$19,431,778.16","$1,700,273.36","$2,000,143.19","$409,115.02","$427,562.54",,,"$258,336.73","$649,640.45",,
19,NSC,Lynn,Renovation,Essex,NSC - Lynn - Main Building - Electrical Infrastructure Upgrades & Resiliency - Design/Build,Mech/Electrical Infrastructure,Mech/Electrical Infrastructure,&,PDC,NSC1901,"$7,389,437.86",1,$0 to $10 Million,12/11/2019,3/2/2021,8,23,16,5/6/2019,1/6/2021,1,21,21,10/1/2019,6/24/2022,6,38,33,,,,,,,,,,,"$6,541,513.32","$6,780,510.19","$483,311.22","$484,627.00","$107,337.11","$124,300.67",,,,,,
141,POL,New Braintree,Energy,Worcester,Energy Performance Contracting Project,Energy/Infrastructure,Energy/Infrastructure,Energy/Infrastructure,EC1,POL0303,"$4,850,466.83",1,$0 to $10 Million,12/3/2010,11/4/2020,22,141,120,3/3/2009,2/24/2014,1,60,60,8/12/2009,6/30/2021,6,148,143,,,,,,,,,,,"$4,510,507.49","$4,510,507.49","$38,382.50","$38,382.50","$271,133.40","$301,576.84",,,,,,
27,POL,New Braintree,New,Worcester,"POL - MSP Training Academy, New Braintree - Firearms Range",Police Training,Police Training,Other,HC1,POL1501,"$10,539,092.76",2,$10 to $25 Million,5/22/2015,8/24/2018,6,45,40,12/8/2014,7/15/2019,1,56,56,3/2/2015,6/26/2019,4,55,52,,,,,,,,,,,"$9,522,482.97","$9,751,335.97","$639,610.20","$692,235.20","$117,716.32","$95,521.59",,,,,,
72,QCC,Worcester,Renovation,Worcester,QCC - Science and Technology Bldg - Modernization,Science/Classroom,Science/Classroom,HE - Lab/Science/Tech,DC1,QCC1001,"$22,606,684.61",2,$10 to $25 Million,6/17/2014,7/15/2020,47,120,74,8/31/2010,6/17/2021,1,131,131,3/14/2013,10/22/2019,32,111,80,,,,,,1/6/2016,3/28/2019,66,104,39,"$18,344,238.30","$19,233,356.25","$2,283,775.41","$2,554,276.08","$101,071.96","$113,928.39",,,"$661,332.05","$705,123.89",,
27,QCC,Worcester,Repair,Worcester,QCC - Suprenant Building - HVAC Replacement,HE HVAC,HVAC,Infrastructure,HC1,QCC1601,"$5,889,268.93",1,$0 to $10 Million,6/27/2018,10/22/2021,13,53,41,6/7/2017,6/1/2022,1,61,61,10/25/2017,4/6/2019,5,23,19,,,,,,,,,,,"$4,977,410.99","$5,208,673.50","$531,549.00","$567,323.00","$113,272.43","$113,272.43",,,,,,
35,QCC,Worcester,Renovation,Worcester,QCC - Surprenant Bldg - Science Lab Renovation,Science/Classroom,Science/Classroom,HE - Lab/Science/Tech,HC1,QCC1701,"$3,116,674.99",1,$0 to $10 Million,12/17/2019,7/2/2021,21,40,20,4/11/2018,6/9/2021,1,39,39,8/21/2019,11/25/2020,17,32,16,,,,,,,,,,,"$2,551,109.28","$2,659,260.56","$434,285.00","$446,280.00","$11,134.43","$11,134.43",,,,,,
72,RCC,Boston - Roxbu,Renovation,Suffolk,RCC - Roxbury Community College - Major Campus Renovation,HE - Reno,Renovation,Llffoafetry,DC1,RCC1201,"$37,175,288.99",3,$25 to $50 Million,2/17/2017,7/18/2019,50,79,30,1/7/2013,7/31/2019,1,79,79,10/21/2013,8/1/2019,10,80,71,,,,,,7/6/2017,9/17/2018,55,69,15,"$31,620,776.61","$32,297,683.40","$3,531,204.23","$3,601,146.55","$448,294.13","$450,423.00",,,"$826,036.04","$826,036.04",,
51,RCC,Boston - Roxbu,Energy,Suffolk,RCC - Roxbury Community College - Energy & Water Upgrades - Non-CEIP,Energy/Water,Energy/Water,Energy/Water,EC1,RCC1301E,"$22,468,615.89",2,$10 to $25 Million,11/10/2016,7/3/2018,31,51,21,5/12/2014,5/1/2019,1,61,61,9/10/2015,11/6/2018,17,55,39,,,,,,,,,,,"$21,118,570.15","$21,118,570.15","$779,813.20","$814,246.88","$318,669.86","$535,798.86",,,,,,
43,RCC,Bosroxbury,Renovation,Suffolk,RCC - Roxbury Comm. College - Reggie Lewis Track Upgrades,Athletic,Athletic,,HC1,RCC1402,"$3,546,625.61",1,$0 to $10 Million,10/31/2014,11/27/2018,2,51,50,1/26/2015,2/25/2019,5,54,50,9/16/2014,11/9/2018,1,51,51,,,,,,,,,,,"$2,779,074.55","$2,834,131.20","$524,012.00","$530,012.00","$163,432.04","$182,482.41",,,,,,
29,RCC,Boston,Repair,Suffolk,RCC - Building 2 Repairs,HE - Reno,Renovation,MA - General Academic,HC1,RCC1802,"$4,579,344.84",1,$0 to $10 Million,1/28/2020,3/3/2021,18,32,15,8/28/2018,1/20/2022,1,42,42,7/29/2019,10/11/2020,12,27,16,,,,,,9/9/2020,12/15/2020,26,29,4,"$3,869,509.55","$3,908,926.63","$391,236.50","$444,583.96","$45,479.39","$45,479.39",,,"$180,354.86","$180,354.86",,
24,SP,Dartmouth,New,Bristol,New State Police Station at Dartmouth,New Police,New,Police Station,DC1,S992,"$7,245,090.77",1,$0 to $10 Million,8/29/2005,8/31/2016,10,142,133,11/1/2004,9/16/2015,1,131,131,12/13/2004,6/24/2014,2,116,115,,,,,,9/14/2006,7/25/2008,23,45,23,"$6,399,147.61","$6,635,681.50","$127,704.00","$309,302.13","$136,958.29","$189,217.22",,,"$100,919.26","$110,889.92",,
123,SDE,Middleton,New,Essex,New Lockup Facility in Essex County,New Corrections,New,Corrections - Detention Facility,DC1,SDE0301,"$12,175,328.72",2,$10 to $25 Million,3/20/2013,3/24/2015,101,125,25,11/19/2004,7/6/2016,1,141,141,8/17/2005,11/7/2015,10,133,124,,,,,,4/7/2014,7/9/2014,114,117,4,"$9,351,938.12","$9,677,745.67","$1,704,381.42","$1,851,536.42","$578,986.84","$627,295.38",,,"$18,751.25","$18,751.25",,
43,SDE,Middleton,New,Essex,Essex County Regional Emergency Call Center,IT Data Center,IT Data Center,Specialized Communication,HC1,SDE1001,"$310,075.57",1,$0 to $10 Million,7/2/2014,6/29/2015,34,45,12,3/22/2013,5/20/2016,18,56,39,10/13/2011,5/5/2016,1,56,56,,,,,,,,,,,"$135,643.01","$142,454.01","$11,271.26","$113,369.22","$50,984.84","$54,252.34",,,,,,
55,SDF,Greenfield,Energy,Franklin,SDF - Sheriff's Dept. Franklin - Energy/Water Design Build - Construction - CEIP,Energy/Water,Energy/Water,Energy/Water,EC1,SDF1401A,"$6,338,648.37",1,$0 to $10 Million,8/1/2017,9/25/2019,35,60,26,10/14/2014,6/26/2017,1,33,33,7/5/2016,11/6/2019,22,62,41,,,,,,,,,,,"$5,425,421.99","$5,578,343.57","$363,009.40","$363,009.40","$112,823.40","$397,295.40",,,,,,
54,SDH,Chicopee,New,Hampden,SDH - Western MA Regional Womens Corr Ctr - Expansion,Corrections Expansion,Expansion,Corrections - Detention Facility,DC1,SDH1001,"$17,984,713.03",2,$10 to $25 Million,11/30/2010,7/13/2017,9,89,81,7/19/2010,8/16/2017,5,90,86,3/22/2010,12/7/2015,1,70,70,,,,,,12/26/2013,5/20/2015,46,63,18,"$14,906,333.66","$15,562,857.50","$1,649,951.44","$1,908,766.27","$228,489.81","$233,386.61",,,"$259,915.00","$279,702.65",,
80,SDM,Billerica,New,Middlesex,SDM Billerica - Pod Building Unit 3 - Housing Expansion,Corrections Expansion,Expansion,Corrections - Detention Facility,DC1,SDM0801,"$53,160,990.88",4,$50 to $100 Million,8/21/2012,8/11/2017,44,104,61,4/24/2009,5/9/2018,4,113,110,1/9/2009,7/24/2020,1,139,139,,,,,,6/4/2014,10/17/2014,66,70,5,"$42,693,973.86","$43,628,797.62","$2,478,208.38","$2,644,064.02","$5,885,404.06","$6,722,559.09",,,"$165,570.15","$165,570.15",,
76,SDM,Billerica,Energy,Middlesex,SDM - Middlesex H.O.C. - Energy and Water Retrofit - CEIP,Energy/Water,Energy/Water,Energy/Water,EC1,SDM1202A,"$7,823,856.82",1,$0 to $10 Million,12/8/2015,8/29/2018,45,77,33,4/10/2012,7/18/2018,1,76,76,4/4/2013,5/16/2018,13,74,62,,,,,,,,,,,"$6,856,965.56","$7,120,109.64","$428,405.74","$428,405.74","$275,341.44","$275,341.44",,,,,,
17,SDM,Billerica,Emergency,Middlesex,SDM Billerica HOC - Building 1 - Masonry Stabilization,Masonry,Masonry,,EM1,SDM1302,"$666,348.98",1,$0 to $10 Million,9/30/2013,12/30/2014,2,17,16,10/25/2013,5/18/2015,3,22,20,8/29/2013,10/9/2015,1,27,27,,,,,,,,,,,"$505,930.65","$505,930.65","$55,600.00","$109,585.00","$28,349.05","$50,833.33",,,,,,
35,SDM,Billerica,Repair,Middlesex,SDM - Billerica HOC - Building 2 Access Improvements,Corrections Reno,Renovation,,HC1,SDM1403,"$502,964.19",1,$0 to $10 Million,6/8/2016,8/28/2017,21,35,15,10/29/2014,12/6/2017,1,39,39,1/21/2016,10/11/2019,16,61,46,,,,,,,,,,,"$367,401.40","$367,401.40","$130,326.75","$130,431.25","$1,843.70","$5,131.54",,,,,,
22,SDM,Billerica,Renovation,Middlesex,SDM - Middlesex H.O.C. - Replace Main Boilers,Corrections HVAC,HVAC,,HC1,SDM1801,"$5,030,119.81",1,$0 to $10 Million,1/18/2019,5/26/2021,10,38,29,4/11/2018,10/7/2020,1,31,31,8/30/2018,2/26/2024,5,71,67,,,,,,,,,,,"$4,184,146.91","$4,266,483.37","$296,429.50","$379,002.50","$384,633.94","$384,633.94",,,,,,
51,SDP,Plymouth,Energy,Plymouth,SDP - Plymouth Sheriff's Dept - Energy - Water Conservation System,Energy/Water,Energy/Water,Energy/Water,EC1,SDP1202,"$4,902,898.64",1,$0 to $10 Million,12/22/2014,1/17/2017,34,59,26,3/30/2012,10/24/2016,1,56,56,1/24/2014,4/10/2018,23,74,52,,,,,,,,,,,"$3,969,097.52","$4,032,787.00","$283,297.76","$328,040.51","$197,026.35","$542,071.13",,,,,,
98,SDW,West Boylston,Energy,Worcester,Energy Performance Contract,Energy/Infrastructure,Energy/Infrastructure,Energy/Infrastructure,EC1,SDW0901,"$8,258,550.34",1,$0 to $10 Million,6/20/2012,4/20/2017,40,98,59,3/19/2009,8/22/2017,1,102,102,4/12/2010,8/7/2018,14,114,101,,,,,,,,,,,"$7,638,094.40","$7,638,094.40","$201,630.25","$310,794.71","$233,972.00","$309,661.23",,,,,,
43,SEC,Boston - Dorch,Repair,Suffolk,SEC - State Archives Building - HVAC Upgrade,doc archives HVAC,doc archives HVAC,,HC1,SEC1301,"$1,563,647.30",1,$0 to $10 Million,7/28/2014,4/3/2017,16,49,34,4/5/2013,2/17/2017,1,47,47,3/17/2014,8/6/2016,12,41,30,,,,,,,,,,,"$1,169,282.49","$1,174,282.49","$251,557.90","$257,637.90","$131,726.91","$131,726.91",,,,,,
42,SEC,Boston - Dorch,New,Suffolk,SEC - State Archives Bldg. - Expansion,doc archives Reno,doc archives Reno,Other,HC1,SEC1502,"$7,234,052.67",1,$0 to $10 Million,5/15/2018,6/11/2019,33,46,14,9/16/2015,8/28/2019,1,48,48,9/28/2015,6/25/2019,1,46,46,,,,,,,,,,,"$6,157,758.41","$6,438,618.13","$661,129.80","$688,520.00","$106,764.16","$106,914.54",,,,,,
81,SSA,Salem,New,Essex,SSC - Library/Learning Commons - General - New Facility,HE - Reno,Renovation,HE - Library,DC1,SSA0701,"$73,120,444.60",4,$50 to $100 Million,1/23/2008,3/29/2019,6,140,135,8/10/2007,8/24/2017,1,121,121,12/12/2007,1/14/2019,5,138,134,,,,,,7/5/2013,3/4/2015,72,92,21,"$58,985,337.67","$61,494,822.02","$5,622,213.76","$6,050,391.76","$3,191,842.13","$3,781,516.85",,,"$1,791,739.13","$1,793,713.97",,
46,SSA,Salem,Renovation,Essex,SSA - Mainstage Theater - Renovation / Modernization,HE - Reno,Renovation,Hilemric Renovation,DC1,SSA1201,"$26,290,869.75",3,$25 to $50 Million,10/21/2014,8/14/2019,11,69,59,12/24/2013,9/18/2019,1,70,70,12/16/2013,7/26/2018,1,56,56,,,,,,2/21/2017,6/30/2017,39,43,5,"$21,967,743.40","$23,043,318.78","$2,354,660.11","$2,494,065.32","$474,975.06","$529,392.40",,,"$224,093.25","$224,093.25",,
26,STC,Springfield,Renovation,Hampden,STC-Springfield Tech. C.C.-Decentralize HVAC Systems,He HVAC,HVAC,C,EC1,STC1318,"$13,662,276.60",2,$10 to $25 Million,6/25/2013,6/1/2015,8,32,25,12/24/2012,10/8/2015,2,36,35,11/29/2012,12/8/2014,1,26,26,,,,,,,,,,,"$12,581,528.85","$12,861,505.71","$621,168.90","$710,113.26","$90,657.63","$90,657.63",,,,,,
36,STC,Springfield,Renovation,Hampden,STC - Building 15 - DPS Relocation,Admin Renovation,Renovation,,HC1,STC1401,"$1,724,778.38",1,$0 to $10 Million,2/1/2016,12/18/2017,26,48,23,1/27/2014,6/11/2018,1,54,54,1/31/2014,8/30/2019,1,68,68,,,,,,10/17/2016,11/9/2016,34,35,2,"$1,286,707.19","$1,319,414.18","$236,935.25","$268,785.25","$86,266.65","$66,955.52",,,"$69,623.43","$69,623.43",,
55,STC,Springfield,Renovation,Hampden,STC - Springfield Technical C.C. - Renovations to Building 19,HE - Reno,Renovation,,DC1,STC1402,"$52,747,508.93",4,$50 to $100 Million,6/22/2016,7/20/2020,21,70,50,10/27/2014,7/15/2020,1,70,70,5/21/2015,1/28/2022,8,88,81,,,,,,12/7/2018,4/26/2019,51,55,5,"$43,305,082.88","$45,499,966.09","$4,749,556.43","$4,964,199.00","$1,028,203.68","$1,160,312.80",,,"$1,123,031.04","$1,123,031.04",,
20,STC,Springfield,Renovation,Hampden,STC- Main Switchgear & Campus-Wide Electrical Infrastructure Upgrade Design/Build,Mech/Electrical Infrastructure,Mech/Electrical Infrastructure,Infrastructure,PDC,STC1902L,"$5,497,504.00",1,$0 to $10 Million,12/11/2019,3/10/2021,8,23,16,5/6/2019,11/12/2020,1,19,19,8/20/2019,8/16/2021,4,28,25,,,,,,,,,,,"$4,456,779.28","$4,677,916.95","$684,620.00","$684,620.00","$79,275.41","$134,967.05",,,,,,
114,TRC,Cambridge,Renovation,Middlesex,"Improvements to Edward J. Sullivan Courthouse, Cambridge",Interior Renovation,Interior Renovation,MiDesaDets to,DC1,TRC0604,"$122,538,990.70",5,$100 to $150 Million,2/12/2007,4/12/2017,10,132,123,11/29/2006,8/9/2017,7,136,130,5/12/2006,9/17/2019,1,161,161,,,,,,12/11/2007,8/12/2010,20,52,33,"$4,015,582.70","$4,138,613.62","$1,182,557.20","$1,190,300.00","$86,627,493.47","$112,617,176.46",,,"$4,592,900.62","$4,592,900.62",,
60,TRC,Salem,Renovation,Essex,TRC - Salem P/FC - Building Renovation,Court Reno,Renovation,,DC1,TRC1209,"$56,620,918.62",4,$50 to $100 Million,7/18/2014,5/1/2019,26,84,59,6/26/2012,5/20/2019,1,84,84,12/11/2012,4/7/2018,7,71,65,,,,,,5/29/2014,8/4/2017,24,63,40,"$41,938,653.49","$44,007,163.96","$4,467,167.48","$4,682,974.75","$4,280,361.05","$4,274,640.24",,,"$3,571,978.59","$3,656,139.67",,
74,TRC,Haverhill,Renovation,Essex,TRC - Haverhill District Court - Various Improvements/Renovations,Court Reno,Renovation,Courthouse - Renovation,HC1,TRC1214,"$8,863,597.09",1,$0 to $10 Million,5/30/2017,7/17/2019,56,82,27,10/15/2012,8/21/2019,1,83,83,1/28/2013,5/6/2019,4,80,77,,,,,,6/13/2017,11/9/2018,57,74,18,"$6,859,337.75","$6,953,316.75","$1,063,369.89","$1,075,610.64","$453,248.21","$484,152.19",,,"$350,517.51","$350,517.51",,
55,TRC,Boston,Renovation,Suffolk,TRC - Suffolk County Courthouse - Mid Rise - Elevator Modernization,Court Elevator,Elevator,Elevator,HC1,TRC1702,"$8,359,978.89",1,$0 to $10 Million,3/18/2019,3/14/2023,18,66,49,10/24/2017,5/10/2022,1,56,56,5/15/2018,10/9/2022,8,61,54,,,,,,,,,,,"$7,420,008.89","$7,554,700.31","$650,921.50","$652,850.50","$92,892.88","$152,428.08",,,,,,
15,TRC,Springfield,Repair,Hampden,TRC - Springfield Hall of Justice - Dehumidification Upgrades,Court HVAC,HVAC,of,PDC,TRC2202,"$852,136.06",1,$0 to $10 Million,10/12/2022,4/21/2023,11,17,7,12/20/2021,5/12/2023,1,18,18,8/2/2022,6/10/2023,9,19,11,,,,,,,,,,,"$619,156.47","$633,860.32","$184,810.00","$207,310.00","$10,558.39","$10,965.74",,,,,,
83,TRC,Salem,New,Essex,New J. Michael Ruane Judicial Center,New Court,New,Courthouse - New,DC1,TRC9910,"$99,801,774.86",4,$50 to $100 Million,3/11/2008,8/31/2015,32,121,90,9/15/2005,1/26/2015,2,114,113,8/15/2005,2/17/2016,1,127,127,12/12/2006,6/28/2007,17,23,7,12/24/2010,8/7/2013,65,97,33,"$75,923,603.69","$79,483,124.34","$9,264,653.19","$9,402,724.73","$2,167,406.90","$2,364,727.90","$3,952,500.00","$3,952,500.00","$4,538,799.47","$4,598,697.89",,
35,TRE,Boston,Renovation,Suffolk,Treasurer-McCormack Building-Office Renovation,Admin Renovation,Renovation,LifesafetcCormack,HC1,TRE1301,"$3,858,041.08",1,$0 to $10 Million,10/1/2014,5/1/2017,18,49,32,5/15/2013,8/29/2016,1,40,40,3/21/2014,7/21/2016,11,39,29,,,,,,12/19/2014,1/27/2016,20,33,14,"$2,680,907.79","$2,794,465.40","$155,787.00","$178,937.00","$10,045.66","$14,943.80",,,"$869,694.88","$869,694.88",,
76,UMA,Amherst,New,Hampshire,UMass Amherst Academic Building,HE - Reno,Renovation,HE - General Academic,DC1,UMA0801,"$72,958,138.63",4,$50 to $100 Million,3/25/2013,1/26/2023,47,165,119,5/20/2009,5/25/2018,1,109,109,11/23/2010,1/9/2016,19,81,63,,,,,,4/22/2013,8/18/2015,48,76,29,"$57,208,418.87","$60,013,243.64","$10,190,615.25","$10,463,535.76","$475,474.51","$494,761.77",,,"$1,986,597.46","$1,986,597.46",,
60,UMA,Amherst,New,Hampshire,Umass Amherst Laboratory and Science Building,Science/Classroom,Science/Classroom,HE - Lab/Science/Tech,DC1,UMA0803,"$98,299,322.26",4,$50 to $100 Million,11/23/2011,12/17/2015,36,85,50,12/16/2008,2/2/2018,1,111,111,7/22/2009,2/6/2017,8,99,92,,,,,,12/6/2012,8/21/2013,49,57,9,"$85,414,486.54","$88,635,424.87","$5,362,913.83","$7,396,982.95","$471,795.77","$616,136.42",,,"$1,650,778.02","$1,650,778.02",,
70,UMA,Amherst,New,Hampshire,UMA - Physical Science Building - New Facility,Science/Classroom,Science/Classroom,HE - Lab/Science/Tech,DC1,UMA1201,"$94,805,359.39",4,$50 to $100 Million,4/28/2015,11/1/2019,29,84,56,12/11/2012,11/12/2019,1,84,84,4/18/2013,2/9/2019,5,75,71,,,,,,1/29/2018,10/31/2018,62,71,10,"$79,561,129.08","$83,047,942.47","$10,774,764.76","$10,797,519.65","$350,099.81","$361,892.77",,,"$389,927.29","$598,004.50",,
16,UMA,Amherst,Renovation,Hampshire,UMass Amherst - Morrill Science Complex - Infrastructure Upgrades,HE - Reno,Renovation,Infrastructure,DC1,UMA1402,"$2,546,040.00",1,$0 to $10 Million,3/27/2015,7/8/2016,1,17,17,4/7/2015,6/9/2016,2,16,15,6/25/2015,6/23/2017,4,28,25,,,,,,,,,,,"$1,709,388.85","$1,743,602.33","$741,659.53","$741,659.53","$20,474.62","$60,778.14",,,,,,
108,UMB,Dorchester,Renovation,Suffolk,Repair Parking Garage and Plaza Deck,Parking,Parking,Parking,DC1,UMB0502,"$26,888,019.95",3,$25 to $50 Million,5/28/2009,9/29/2016,46,134,89,11/22/2005,3/10/2017,4,140,137,8/18/2005,10/21/2014,1,111,111,,,,,,,,,,,"$18,193,589.53","$19,015,063.70","$6,305,661.77","$6,495,678.66","$1,374,638.62","$1,377,277.59",,,,,,
91,UMB,Boston - Dorch,New,Suffolk,UMASS Boston - New Integrated Sciences Complex,Science/Classroom,Science/Classroom,HE - Lab/Science/Tech,DC1,UMB0802,"$133,215,992.40",5,$100 to $150 Million,12/20/2011,8/19/2019,35,127,93,2/12/2009,11/6/2019,1,130,130,1/29/2010,3/9/2019,12,122,111,,,,,,7/8/2014,2/9/2016,66,85,20,"$116,228,435.50","$122,038,291.64","$7,633,593.79","$8,118,178.95","$865,894.21","$1,109,934.72",,,"$1,949,587.09","$1,949,587.09",,
79,UMD,Dartmouth,Renovation,Bristol,UMD - Carney Library - Renovation,HE - Reno,Renovation,HE - Library,DC2,UMD0802,"$46,872,264.35",3,$25 to $50 Million,9/21/2009,8/28/2019,8,127,120,2/3/2009,3/31/2020,1,134,134,4/21/2009,7/6/2018,3,114,112,,,,,,,,,,,"$38,994,152.61","$40,694,068.17","$5,619,958.36","$5,809,310.63","$366,815.55","$368,885.55",,,,,,
117,UMD,Dartmouth,Energy,Plymouth,UMD - UMass Dartmouth - Wind Turbine Installation,Energy Turbine,Energy Turbine,Energy Turbine,EC1,UMD0901,"$1,780,746.10",1,$0 to $10 Million,1/27/2012,6/3/2019,30,119,90,8/21/2009,7/2/2015,1,72,72,1/3/2011,6/4/2018,18,107,90,,,,,,,,,,,"$1,507,102.49","$1,529,052.99","$162,595.20","$162,595.20","$89,097.91","$89,097.91",,,,,,
68,UML,Lowell,New,Middlesex,South Campus Academic Facilities (Health and Social Sciences Building),Science/Classroom,Science/Classroom,HE - Allied Health,DC1,UML0802,"$36,245,946.30",3,$25 to $50 Million,11/30/2010,11/24/2015,22,82,61,2/12/2009,6/6/2016,1,89,89,3/4/2010,10/16/2014,14,69,56,,,,,,11/23/2012,5/30/2014,46,64,19,"$29,665,087.02","$30,504,547.05","$3,500,773.08","$3,546,844.99","$885,549.38","$908,227.30",,,"$1,286,326.96","$1,286,326.96",,
45,UML,Lowell,New,Middlesex,UML - School of Business - New Facility,Classroom,Classroom,HE - General Academic,DC1,UML1203,"$41,699,119.60",3,$25 to $50 Million,4/3/2015,6/7/2018,19,57,39,10/4/2013,2/4/2019,1,65,65,1/8/2014,1/6/2018,4,52,49,,,,,,,,,,,"$35,999,770.72","$37,670,307.15","$3,525,902.91","$3,755,220.44","$253,623.16","$273,592.01",,,,,,
77,UML,Lowell,Energy,Middlesex,UML - Univ. of Mass Lowell - Energy Design Build Project,Energy/Infrastructure,Energy/Infrastructure,Energy/Infrastructure,EC1,UML1301E,"$24,678,544.06",2,$10 to $25 Million,1/4/2016,10/30/2020,37,94,58,1/10/2013,10/11/2019,1,82,82,6/2/2014,5/24/2019,18,77,60,,,,,,,,,,,"$21,775,580.15","$22,488,282.38","$971,321.82","$1,000,569.19","$1,189,692.49","$1,189,692.49",,,,,,
21,VET,Agawam,New,Hampden,"VET - MA Veteran's Memorial Cemetery, Agawam - Phase 3 Expansion",Expansion,Expansion,Other,HC1,VET1501,"$1,975,638.04",1,$0 to $10 Million,5/16/2016,2/7/2017,15,24,10,8/26/2015,12/6/2016,6,22,17,3/10/2015,4/28/2022,1,86,86,,,,,,,,,,,"$1,688,740.83","$1,728,923.49","$28,901.04","$29,715.04","$183,089.17","$216,999.51",,,,,,
27,VET,Winchendon,Repair,Worcester,VET - Winchendon Cemetery - SPT - Masonry Repair,Masonry,Masonry,Hanchrac Repair,HC1,VET1801,"$945,946.94",1,$0 to $10 Million,9/11/2019,8/19/2020,18,29,12,4/17/2018,9/23/2020,1,30,30,6/19/2019,11/3/2020,15,32,18,,,,,,,,,,,"$757,133.33","$769,532.95","$142,191.66","$160,263.14","$15,954.11","$16,150.85",,,,,,
51,WOR,Worcester,New,Worcester,WOR – Athletic Center,Athletic,Athletic,HE - Athletic Facility,DC1,WOR0801,"$48,426,692.06",3,$25 to $50 Million,6/17/2014,8/29/2018,17,67,51,10/15/2013,9/24/2018,9,68,60,2/12/2013,12/8/2017,1,59,59,,,,,,,,,,,"$42,615,311.16","$44,496,212.00","$3,400,664.43","$3,651,948.96","$314,285.42","$278,531.10",,,,,,
59,WSC,Westfield,New,Hampden,WSC - New Science Center and Building Renovations,Science/Classroom,Science/Classroom,HE - Lab/Science/Tech,DC1,WSC1201,"$41,784,176.64",3,$25 to $50 Million,10/14/2014,4/11/2018,33,75,43,2/23/2012,10/10/2018,1,81,81,10/15/2013,9/8/2017,21,68,48,,,,,,11/19/2015,12/18/2017,46,71,26,"$34,121,083.82","$35,847,552.00","$3,804,844.01","$3,925,574.57","$594,865.27","$609,446.01",,,"$1,259,650.38","$1,401,604.06",,
7,WSC,Westfield,Renovation,Hampden,WSC - Westfield State University - Dower Center - Renovations,HE - Reno,Renovation,Limamametield,DC1,WSC1602,"$3,901,879.11",1,$0 to $10 Million,10/6/2016,7/5/2017,1,10,10,,,,,,,,,,,,,,,,,,,,,"$3,747,528.47","$3,901,879.11",,,,,,,,,,
20,WSC,Westfield,Renovation,Hampden,WSC - Campus-Wide - Redundant Steam & Condensate Loop Design/Build,Energy/Infrastructure,Energy/Infrastructure,Infrastructure,PDC,WSC1902L,"$11,552,830.86",2,$10 to $25 Million,12/11/2019,2/12/2021,8,22,15,5/6/2019,12/29/2020,1,20,20,12/16/2019,4/1/2022,8,36,29,,,,,,,,,,,"$10,826,937.17","$11,092,297.08","$399,190.00","$399,190.00","$35,707.64","$61,343.78",,,,,,
,,,,,,,,,,,,,,,,,,,,,,,,,,,,,,,,,,,,,,,,,,,,,,,,,,
,,,,,,,,,,,,,,,,,,,,,,,,,,,,,,,,,,,,,,,,,,,,,,,,,,
,,,,,,,Extra columns than in PAP dictionary,,,,,,,,,,,,,,,,,,,,,,,,,,,,,,,,,,,,,,,,,,,
,,,,,,,,,,,,,,,,,,,,,,,2,,,,,,,,,,,,,,,,,,,,,,,,,,,
